-- phpMyAdmin SQL Dump
-- version 4.3.11
-- http://www.phpmyadmin.net
--
-- Anamakine: 127.0.0.1
-- Üretim Zamanı: 20 Haz 2016, 16:09:20
-- Sunucu sürümü: 5.6.24
-- PHP Sürümü: 5.6.8

SET SQL_MODE = "NO_AUTO_VALUE_ON_ZERO";
SET time_zone = "+00:00";


/*!40101 SET @OLD_CHARACTER_SET_CLIENT=@@CHARACTER_SET_CLIENT */;
/*!40101 SET @OLD_CHARACTER_SET_RESULTS=@@CHARACTER_SET_RESULTS */;
/*!40101 SET @OLD_COLLATION_CONNECTION=@@COLLATION_CONNECTION */;
/*!40101 SET NAMES utf8 */;

--
-- Veritabanı: `makrosumstok`
--

-- --------------------------------------------------------

--
-- Tablo için tablo yapısı `customers`
--

CREATE TABLE IF NOT EXISTS `customers` (
  `musteri_id` int(11) NOT NULL,
  `musteri_name` varchar(255) NOT NULL,
  `musteri_il` int(11) NOT NULL,
  `musteri_ilce` int(11) NOT NULL,
  `musteri_adres` text NOT NULL,
  `musteri_tel` varchar(255) NOT NULL,
  `kayit_tarihi` bigint(20) NOT NULL,
  `musteri_durum` int(11) NOT NULL DEFAULT '0'
) ENGINE=MyISAM AUTO_INCREMENT=25 DEFAULT CHARSET=utf8;

--
-- Tablo döküm verisi `customers`
--

INSERT INTO `customers` (`musteri_id`, `musteri_name`, `musteri_il`, `musteri_ilce`, `musteri_adres`, `musteri_tel`, `kayit_tarihi`, `musteri_durum`) VALUES
(1, 'MEKRO', 17, 209, 'göleköy', '05312149779', 1465822884, 0),
(2, 'Metin', 17, 204, 'asdad', '2132123', 1465822906, 1),
(3, 'Metin', 17, 204, 'asdad', '2132123', 1465823058, 1),
(22, 'Metehan ERBEK', 17, 209, 'Göleköyed', '5312149779', 1465842971, 0),
(23, 'asdasd', 1, 1, 'asdad', '213123', 1465843250, 1),
(24, 'caef', 1, 204, 'dad', 'fead', 1466073470, 1);

-- --------------------------------------------------------

--
-- Tablo için tablo yapısı `il`
--

CREATE TABLE IF NOT EXISTS `il` (
  `il_id` int(11) NOT NULL,
  `il_kodu` int(11) DEFAULT NULL,
  `il_adi` varchar(255) DEFAULT NULL
) ENGINE=MyISAM AUTO_INCREMENT=82 DEFAULT CHARSET=utf8;

--
-- Tablo döküm verisi `il`
--

INSERT INTO `il` (`il_id`, `il_kodu`, `il_adi`) VALUES
(1, 1, 'Adana'),
(2, 2, 'Adıyaman'),
(3, 3, 'Afyon'),
(4, 4, 'Ağrı'),
(5, 5, 'Amasya'),
(6, 6, 'Ankara'),
(7, 7, 'Antalya'),
(8, 8, 'Artvin'),
(9, 9, 'Aydın'),
(10, 10, 'Balıkesir'),
(11, 11, 'Bilecik'),
(12, 12, 'Bingöl'),
(13, 13, 'Bitlis'),
(14, 14, 'Bolu'),
(15, 15, 'Burdur'),
(16, 16, 'Bursa'),
(17, 17, 'Çanakkale'),
(18, 18, 'Çankırı'),
(19, 19, 'Çorum'),
(20, 20, 'Denizli'),
(21, 21, 'Diyarbakır'),
(22, 22, 'Edirne'),
(23, 23, 'Elazığ'),
(24, 24, 'Erzincan'),
(25, 25, 'Erzurum'),
(26, 26, 'Eskişehir'),
(27, 27, 'Gaziantep'),
(28, 28, 'Giresun'),
(29, 29, 'Gümüşhane'),
(30, 30, 'Hakkari'),
(31, 31, 'Hatay'),
(32, 32, 'Isparta'),
(33, 33, 'İ&#231;el'),
(34, 34, 'İstanbul'),
(35, 35, 'İzmir'),
(36, 36, 'Kars'),
(37, 37, 'Kastamonu'),
(38, 38, 'Kayseri'),
(39, 39, 'Kırklareli'),
(40, 40, 'Kırşehir'),
(41, 41, 'Kocaeli'),
(42, 42, 'Konya'),
(43, 43, 'Kütahya'),
(44, 44, 'Malatya'),
(45, 45, 'Manisa'),
(46, 46, 'K.Maraş'),
(47, 47, 'Mardin'),
(48, 48, 'Muğla'),
(49, 49, 'Muş'),
(50, 50, 'Nevşehir'),
(51, 51, 'Niğde'),
(52, 52, 'Ordu'),
(53, 53, 'Rize'),
(54, 54, 'Sakarya'),
(55, 55, 'Samsun'),
(56, 56, 'Siirt'),
(57, 57, 'Sinop'),
(58, 58, 'Sivas'),
(59, 59, 'Tekirdağ'),
(60, 60, 'Tokat'),
(61, 61, 'Trabzon'),
(62, 62, 'Tunceli'),
(63, 63, 'Şanlıurfa'),
(64, 64, 'Uşak'),
(65, 65, 'Van'),
(66, 66, 'Yozgat'),
(67, 67, 'Zonguldak'),
(68, 68, 'Aksaray'),
(69, 69, 'Bayburt'),
(70, 70, 'Karaman'),
(71, 71, 'Kırıkkale'),
(72, 72, 'Batman'),
(73, 73, 'Şırnak'),
(74, 74, 'Bartın'),
(75, 75, 'Ardahan'),
(76, 76, 'Iğdır'),
(77, 77, 'Yalova'),
(78, 78, 'Karabük'),
(79, 79, 'Kilis'),
(80, 80, 'Osmaniye'),
(81, 81, 'Düzce');

-- --------------------------------------------------------

--
-- Tablo için tablo yapısı `ilce`
--

CREATE TABLE IF NOT EXISTS `ilce` (
  `ilce_id` int(11) NOT NULL,
  `il_kodu` int(11) DEFAULT NULL,
  `ilce_kodu` int(11) DEFAULT NULL,
  `ilce_adi` varchar(255) DEFAULT NULL
) ENGINE=MyISAM AUTO_INCREMENT=944 DEFAULT CHARSET=utf8;

--
-- Tablo döküm verisi `ilce`
--

INSERT INTO `ilce` (`ilce_id`, `il_kodu`, `ilce_kodu`, `ilce_adi`) VALUES
(1, 1, 0, 'MERKEZ'),
(2, 1, 20, 'ALADAG'),
(3, 1, 28, 'CEYHAN'),
(4, 1, 36, 'FEKE'),
(5, 1, 40, 'IMAMOGLU'),
(6, 1, 48, 'KARAISALI'),
(7, 1, 52, 'KARATAS'),
(8, 1, 56, 'KOZAN'),
(9, 1, 64, 'POZANTI'),
(10, 1, 68, 'SAIMBEYLI'),
(11, 1, 72, 'SEYHAN'),
(12, 1, 76, 'TUFANBEYLI'),
(13, 1, 80, 'YUMURTALIK'),
(14, 1, 84, 'YÜREGIR'),
(15, 2, 0, 'MERKEZ'),
(16, 2, 20, 'BESNI'),
(17, 2, 25, 'ÇELIKHAN'),
(18, 2, 30, 'GERGER'),
(19, 2, 35, 'GÖLBASI'),
(20, 2, 40, 'KAHTA'),
(21, 2, 45, 'SAMSAT'),
(22, 2, 50, 'SINCIK'),
(23, 2, 55, 'TUT'),
(24, 3, 0, 'MERKEZ'),
(25, 3, 20, 'BASMAKÇI'),
(26, 3, 24, 'BAYAT'),
(27, 3, 28, 'BOLVADIN'),
(28, 3, 32, 'ÇOBANLAR'),
(29, 3, 36, 'ÇAY'),
(30, 3, 40, 'DAZKIRI'),
(31, 3, 44, 'DINAR'),
(32, 3, 48, 'EMIRDAG'),
(33, 3, 52, 'EVCILER'),
(34, 3, 56, 'HOCALAR'),
(35, 3, 60, 'IHSANIYE'),
(36, 3, 64, 'ISCEHISAR'),
(37, 3, 68, 'KIZILÖREN'),
(38, 3, 72, 'SANDIKLI'),
(39, 3, 76, 'SINCANLI'),
(40, 3, 80, 'SULTANDAGI'),
(41, 3, 84, 'SUHUT'),
(42, 4, 0, 'MERKEZ'),
(43, 4, 20, 'DIYADIN'),
(44, 4, 25, 'DOGUBEYAZIT'),
(45, 4, 30, 'ELESKIRT'),
(46, 4, 35, 'HAMUR'),
(47, 4, 40, 'PATNOS'),
(48, 4, 45, 'TASLIÇAY'),
(49, 4, 50, 'TUTAK'),
(50, 5, 0, 'MERKEZ'),
(51, 5, 20, 'GÖYNÜCEK'),
(52, 5, 25, 'GÜMÜSHACIKÖY'),
(53, 5, 30, 'HAMAMÖZÜ'),
(54, 5, 35, 'MERZIFON'),
(55, 5, 40, 'SULUOVA'),
(56, 5, 45, 'TASOVA'),
(57, 6, 0, 'MERKEZ'),
(58, 6, 20, 'AKYURT'),
(59, 6, 23, 'ALTINDAG'),
(60, 6, 26, 'AYAS'),
(61, 6, 29, 'BALA'),
(62, 6, 32, 'BEYPAZARI'),
(63, 6, 35, 'ÇAMLIDERE'),
(64, 6, 38, 'ÇANKAYA'),
(65, 6, 41, 'ÇUBUK'),
(66, 6, 44, 'ELMADAG'),
(67, 6, 47, 'ETIMESGUT'),
(68, 6, 50, 'EVREN'),
(69, 6, 53, 'GÖLBASI'),
(70, 6, 56, 'GÜDÜL'),
(71, 6, 59, 'HAYMANA'),
(72, 6, 62, 'KALECIK'),
(73, 6, 65, 'KAZAN'),
(74, 6, 68, 'KEÇIÖREN'),
(75, 6, 71, 'KIZILCAHAMAM'),
(76, 6, 74, 'MAMAK'),
(77, 6, 77, 'NALLIHAN'),
(78, 6, 80, 'POLATLI'),
(79, 6, 83, 'SINCAN'),
(80, 6, 86, 'SEREFLIKOÇ'),
(81, 6, 89, 'YENIMAHALLE'),
(82, 7, 0, 'MERKEZ'),
(83, 7, 20, 'AKSEKI'),
(84, 7, 25, 'ALANYA'),
(85, 7, 28, 'DEMRE'),
(86, 7, 30, 'ELMALI'),
(87, 7, 35, 'FINIKE'),
(88, 7, 40, 'GAZIPASA'),
(89, 7, 45, 'GÜNDOGMUS'),
(90, 7, 50, 'IBRADI'),
(91, 7, 55, 'KALE'),
(92, 7, 60, 'KAS'),
(93, 7, 65, 'KEMER'),
(94, 7, 70, 'KORKUTELI'),
(95, 7, 75, 'KUMLUCA'),
(96, 7, 80, 'MANAVGAT'),
(97, 7, 85, 'SERIK'),
(98, 8, 0, 'MERKEZ'),
(99, 8, 20, 'ARDANUÇ'),
(100, 8, 25, 'ARHAVI'),
(101, 8, 30, 'BORÇKA'),
(102, 8, 32, 'HOPA'),
(103, 8, 35, 'MURGUL'),
(104, 8, 45, 'SAVSAT'),
(105, 8, 50, 'YUSUFELI'),
(106, 9, 0, 'MERKEZ'),
(107, 9, 20, 'BOZDOGAN'),
(108, 9, 24, 'BUHARKENT'),
(109, 9, 28, 'ÇINE'),
(110, 9, 32, 'GERMENCIK'),
(111, 9, 36, 'INCIRLIOVA'),
(112, 9, 40, 'KARACASU'),
(113, 9, 44, 'KARPUZLU'),
(114, 9, 48, 'KOÇARLI'),
(115, 9, 52, 'KÖSK'),
(116, 9, 56, 'KUSADASI'),
(117, 9, 60, 'KUYUCAK'),
(118, 9, 64, 'NAZILLI'),
(119, 9, 68, 'SÖKE'),
(120, 9, 72, 'SULTANHISAR'),
(121, 9, 76, 'YENIHISAR'),
(122, 9, 80, 'YENIPAZAR'),
(123, 10, 0, 'MERKEZ'),
(124, 10, 20, 'AYVALIK'),
(125, 10, 21, 'AKÇAY'),
(126, 10, 24, 'BALYA'),
(127, 10, 28, 'BANDIRMA'),
(128, 10, 32, 'BIGADIÇ'),
(129, 10, 36, 'BURHANIYE'),
(130, 10, 40, 'DURSUNBEY'),
(131, 10, 44, 'EDREMIT'),
(132, 10, 48, 'ERDEK'),
(133, 10, 52, 'GÖNEN'),
(134, 10, 56, 'GÖMEÇ'),
(135, 10, 60, 'HAVRAN'),
(136, 10, 64, 'IVRINDI'),
(137, 10, 68, 'KEPSUT'),
(138, 10, 72, 'MANYAS'),
(139, 10, 76, 'MARMARA'),
(140, 10, 80, 'SAVASTEPE'),
(141, 10, 84, 'SINDIRGI'),
(142, 10, 88, 'SUSURLUK'),
(143, 11, 0, 'MERKEZ'),
(144, 11, 20, 'BOZÖYÜK'),
(145, 11, 25, 'GÖLPAZARI'),
(146, 11, 30, 'INHISAR'),
(147, 11, 35, 'OSMANELI'),
(148, 11, 40, 'PAZARYERI'),
(149, 11, 45, 'SÖGÜT'),
(150, 11, 50, 'YENIPAZAR'),
(151, 12, 0, 'MERKEZ'),
(152, 12, 20, 'ADAKLI'),
(153, 12, 25, 'GENÇ'),
(154, 12, 30, 'KARLIOVA'),
(155, 12, 35, 'KIGI'),
(156, 12, 40, 'SOLHAN'),
(157, 12, 45, 'YAYLADERE'),
(158, 12, 55, 'YEDISU'),
(159, 13, 0, 'MERKEZ'),
(160, 13, 20, 'ADILCEVAZ'),
(161, 13, 25, 'AHLAT'),
(162, 13, 30, 'GÜROYMAK'),
(163, 13, 35, 'HIZAN'),
(164, 13, 40, 'MUTKI'),
(165, 13, 45, 'TATVAN'),
(166, 14, 0, 'MERKEZ'),
(167, 14, 35, 'DÖRTDIVAN'),
(168, 14, 45, 'GEREDE'),
(169, 14, 55, 'GÖYNÜK'),
(170, 14, 60, 'KIBRISCIK'),
(171, 14, 65, 'MENGEN'),
(172, 14, 70, 'MUDURNU'),
(173, 14, 75, 'SEBEN'),
(174, 14, 80, 'YENIÇAGA'),
(175, 15, 0, 'MERKEZ'),
(176, 15, 20, 'ALTINYAYLA'),
(177, 15, 25, 'AGLASUN'),
(178, 15, 30, 'BUCAK'),
(179, 15, 35, 'ÇAVDIR'),
(180, 15, 40, 'ÇELTIKÇI'),
(181, 15, 45, 'GÖLHISAR'),
(182, 15, 50, 'KARAMANLI'),
(183, 15, 55, 'KEMER'),
(184, 15, 60, 'TEFENNI'),
(185, 15, 65, 'YESILOVA'),
(186, 16, 0, 'MERKEZ'),
(187, 16, 24, 'BÜYÜKORHAN'),
(188, 16, 28, 'GEMLIK'),
(189, 16, 32, 'GÜRSU'),
(190, 16, 36, 'HARMANCIK'),
(191, 16, 40, 'INEGÖL'),
(192, 16, 44, 'IZNIK'),
(193, 16, 48, 'KARACABEY'),
(194, 16, 52, 'KELES'),
(195, 16, 56, 'KESTEL'),
(196, 16, 60, 'MUDANYA'),
(197, 16, 64, 'MUSTAFAKEMA'),
(198, 16, 68, 'NILÜFER'),
(199, 16, 72, 'ORHANELI'),
(200, 16, 76, 'ORHANGAZI'),
(201, 16, 80, 'OSMANGAZI'),
(202, 16, 84, 'YENISEHIR'),
(203, 16, 88, 'YILDIRIM'),
(204, 17, 0, 'MERKEZ'),
(205, 17, 25, 'AYVACIK'),
(206, 17, 30, 'BAYRAMIÇ'),
(207, 17, 32, 'BOZCAADA'),
(208, 17, 35, 'BIGA'),
(209, 17, 40, 'ÇAN'),
(210, 17, 45, 'ECEABAT'),
(211, 17, 50, 'EZINE'),
(212, 17, 55, 'GELIBOLU'),
(213, 17, 57, 'GÖKÇEADA'),
(214, 17, 65, 'LAPSEKI'),
(215, 17, 70, 'YENICE'),
(216, 18, 0, 'MERKEZ'),
(217, 18, 25, 'ATKARACALAR'),
(218, 18, 30, 'BAYRAMÖREN'),
(219, 18, 35, 'ÇERKES'),
(220, 18, 40, 'ELDIVAN'),
(221, 18, 50, 'ILGAZ'),
(222, 18, 55, 'KIZILIRMAK'),
(223, 18, 60, 'KORGUN'),
(224, 18, 65, 'KURSUNLU'),
(225, 18, 70, 'ORTA'),
(226, 18, 75, 'OVACIK'),
(227, 18, 80, 'SABANÖZÜ'),
(228, 18, 85, 'YAPRAKLI'),
(229, 19, 0, 'MERKEZ'),
(230, 19, 25, 'ALACA'),
(231, 19, 30, 'BAYAT'),
(232, 19, 35, 'BOGAZKALE'),
(233, 19, 40, 'DODURGA'),
(234, 19, 45, 'ISKILIP'),
(235, 19, 50, 'KARGI'),
(236, 19, 55, 'LAÇIN'),
(237, 19, 60, 'MECITÖZÜ'),
(238, 19, 65, 'OGUZLAR'),
(239, 19, 70, 'ORTAKÖY'),
(240, 19, 75, 'OSMANCIK'),
(241, 19, 80, 'SUNGURLU'),
(242, 19, 85, 'UGURLUDAG'),
(243, 20, 0, 'MERKEZ'),
(244, 20, 23, 'ACIPAYAM'),
(245, 20, 26, 'AKKÖY'),
(246, 20, 29, 'BABADAG'),
(247, 20, 32, 'BAKLAN'),
(248, 20, 35, 'BEKILLI'),
(249, 20, 38, 'BEYAGAÇ'),
(250, 20, 41, 'BULDAN'),
(251, 20, 44, 'BOZKURT'),
(252, 20, 47, 'ÇAL'),
(253, 20, 50, 'ÇAMELI'),
(254, 20, 53, 'ÇARDAK'),
(255, 20, 56, 'ÇIVRIL'),
(256, 20, 59, 'GÜNEY'),
(257, 20, 62, 'HONAZ'),
(258, 20, 65, 'KALE'),
(259, 20, 68, 'SARAYKÖY'),
(260, 20, 71, 'SERINHISAR'),
(261, 20, 74, 'TAVAS'),
(262, 21, 0, 'MERKEZ'),
(263, 21, 25, 'BISMIL'),
(264, 21, 30, 'ÇERMIK'),
(265, 21, 35, 'ÇINAR'),
(266, 21, 40, 'ÇÜNGÜS'),
(267, 21, 45, 'DICLE'),
(268, 21, 50, 'EGIL'),
(269, 21, 55, 'ERGANI'),
(270, 21, 60, 'HANI'),
(271, 21, 65, 'HAZRO'),
(272, 21, 70, 'KOCAKÖY'),
(273, 21, 75, 'KULP'),
(274, 21, 80, 'LICE'),
(275, 21, 85, 'SILVAN'),
(276, 22, 0, 'MERKEZ'),
(277, 22, 25, 'ENEZ'),
(278, 22, 30, 'HAVSA'),
(279, 22, 35, 'IPSALA'),
(280, 22, 40, 'KESAN'),
(281, 22, 45, 'LALAPASA'),
(282, 22, 50, 'MERIÇ'),
(283, 22, 55, 'SÜLOGLU'),
(284, 22, 60, 'UZUNKÖPRÜ'),
(285, 23, 0, 'MERKEZ'),
(286, 23, 25, 'AGIN'),
(287, 23, 30, 'ALACAKAYA'),
(288, 23, 35, 'ARICAK'),
(289, 23, 40, 'BASKIL'),
(290, 23, 45, 'KARAKOÇAN'),
(291, 23, 50, 'KEBAN'),
(292, 23, 55, 'KOVANCILAR'),
(293, 23, 60, 'MADEN'),
(294, 23, 65, 'PALU'),
(295, 23, 70, 'SIVRICE'),
(296, 24, 0, 'MERKEZ'),
(297, 24, 25, 'ÇAYIRLI'),
(298, 24, 30, 'ILIÇ'),
(299, 24, 35, 'KEMAH'),
(300, 24, 40, 'KEMALIYE'),
(301, 24, 45, 'OTLUKBELI'),
(302, 24, 50, 'REFAHIYE'),
(303, 24, 55, 'TERCAN'),
(304, 24, 60, 'ÜZÜMLÜ'),
(305, 25, 0, 'MERKEZ'),
(306, 25, 23, 'ASKALE'),
(307, 25, 26, 'ÇAT'),
(308, 25, 29, 'HINIS'),
(309, 25, 32, 'HORASAN'),
(310, 25, 35, 'ILICA'),
(311, 25, 38, 'ISPIR'),
(312, 25, 41, 'KARAÇOBAN'),
(313, 25, 44, 'KARAYAZI'),
(314, 25, 47, 'KÖPRÜKÖY'),
(315, 25, 50, 'NARMAN'),
(316, 25, 53, 'OLTU'),
(317, 25, 55, 'OLUR'),
(318, 25, 58, 'PASINLER'),
(319, 25, 61, 'PAZARYOLU'),
(320, 25, 64, 'SENKAYA'),
(321, 25, 67, 'TEKMAN'),
(322, 25, 70, 'TORTUM'),
(323, 25, 73, 'UZUNDERE'),
(324, 26, 0, 'MERKEZ'),
(325, 26, 25, 'ALPU'),
(326, 26, 30, 'BEYLIKOVA'),
(327, 26, 35, 'ÇIFTELER'),
(328, 26, 40, 'GÜNYÜZÜ'),
(329, 26, 45, 'HAN'),
(330, 26, 50, 'INÖNÜ'),
(331, 26, 55, 'MAHMUDIYE'),
(332, 26, 60, 'MIHALGAZI'),
(333, 26, 65, 'MIHALIÇÇIK'),
(334, 26, 70, 'SARICAKAYA'),
(335, 26, 75, 'SEYITGAZI'),
(336, 26, 80, 'SIVRIHISAR'),
(337, 27, 0, 'MERKEZ'),
(338, 27, 25, 'ARABAN'),
(339, 27, 30, 'ISLAHIYE'),
(340, 27, 35, 'KILIS'),
(341, 27, 40, 'KARGAMIS'),
(342, 27, 45, 'NIZIP'),
(343, 27, 50, 'NURDAGI'),
(344, 27, 55, 'OGUZELI'),
(345, 27, 60, 'SAHINBEY'),
(346, 27, 65, 'SEHITKAMIL'),
(347, 27, 70, 'YAVUZELI'),
(348, 28, 0, 'MERKEZ'),
(349, 28, 25, 'ALUCRA'),
(350, 28, 30, 'BULANCAK'),
(351, 28, 32, 'ÇAMOLUK'),
(352, 28, 35, 'ÇANAKÇI'),
(353, 28, 40, 'DERELI'),
(354, 28, 42, 'DOGANKENT'),
(355, 28, 45, 'ESPIYE'),
(356, 28, 50, 'EYNESIL'),
(357, 28, 55, 'GÖRELE'),
(358, 28, 60, 'GÜCE'),
(359, 28, 65, 'KESAP'),
(360, 28, 70, 'PIRAZIZ'),
(361, 28, 75, 'SEBINKARAHISAR'),
(362, 28, 80, 'TIREBOLU'),
(363, 28, 85, 'YAGLIDERE'),
(364, 29, 0, 'MERKEZ'),
(365, 29, 25, 'KELKIT'),
(366, 29, 30, 'KÖSE'),
(367, 29, 35, 'KÜRTÜN'),
(368, 29, 40, 'SIRAN'),
(369, 29, 45, 'TORUL'),
(370, 30, 0, 'MERKEZ'),
(371, 30, 25, 'ÇUKURCA'),
(372, 30, 30, 'SEMDINLI'),
(373, 30, 35, 'YÜKSEKOVA'),
(374, 31, 0, 'MERKEZ'),
(375, 31, 25, 'ALTINÖZÜ'),
(376, 31, 30, 'BELEN'),
(377, 31, 35, 'DÖRTYOL'),
(378, 31, 40, 'ERZIN'),
(379, 31, 45, 'HASSA'),
(380, 31, 50, 'ISKENDERUN'),
(381, 31, 55, 'KIRIKHAN'),
(382, 31, 60, 'KUMLU'),
(383, 31, 65, 'REYHANLI'),
(384, 31, 70, 'SAMANDAGI'),
(385, 31, 75, 'YAYLADAGI'),
(386, 32, 0, 'MERKEZ'),
(387, 32, 25, 'AKSU'),
(388, 32, 30, 'ATABEY'),
(389, 32, 35, 'EGIRDIR'),
(390, 32, 40, 'GELENDOST'),
(391, 32, 45, 'GÖNEN'),
(392, 32, 50, 'KEÇIBORLU'),
(393, 32, 55, 'SENIRKENT'),
(394, 32, 60, 'SÜTÇÜLER'),
(395, 32, 65, 'SARKIKARAAG'),
(396, 32, 70, 'ULUBORLU'),
(397, 32, 75, 'YENISARBADE'),
(398, 32, 80, 'YALVAÇ'),
(399, 33, 0, 'MERKEZ'),
(400, 33, 25, 'ANAMUR'),
(401, 33, 30, 'AYDINCIK'),
(402, 33, 35, 'BOZYAZI'),
(403, 33, 40, 'ÇAMLIYAYLA'),
(404, 33, 45, 'ERDEMLI'),
(405, 33, 50, 'GÜLNAR'),
(406, 33, 55, 'MUT'),
(407, 33, 60, 'SILIFKE'),
(408, 33, 65, 'TARSUS'),
(409, 34, 0, 'MERKEZ'),
(410, 34, 23, 'ADALAR'),
(411, 34, 24, 'AVCILAR'),
(412, 34, 25, 'BAGCILAR'),
(413, 34, 26, 'BAKIRKÖY'),
(414, 34, 27, 'BAHÇELIEVLE'),
(415, 34, 29, 'BAYRAMPASA'),
(416, 34, 32, 'BESIKTAS'),
(417, 34, 35, 'BEYKOZ'),
(418, 34, 38, 'BEYOGLU'),
(419, 34, 41, 'BÜYÜKÇEKMECE'),
(420, 34, 44, 'ÇATALCA'),
(421, 34, 47, 'EMINÖNÜ'),
(422, 34, 50, 'EYÜP'),
(423, 34, 51, 'ESENLER'),
(424, 34, 53, 'FATIH'),
(425, 34, 56, 'GAZIOSMANPASA'),
(426, 34, 57, 'GÜNGÖREN'),
(427, 34, 59, 'KADIKÖY'),
(428, 34, 61, 'KAGITHANE'),
(429, 34, 64, 'KARTAL'),
(430, 34, 67, 'KÜÇÜKÇEKMECE'),
(431, 34, 68, 'MALTEPE'),
(432, 34, 70, 'PENDIK'),
(433, 34, 73, 'SARIYER'),
(434, 34, 76, 'SILIVRI'),
(435, 34, 77, 'SULTANBEYLI'),
(436, 34, 79, 'SILE'),
(437, 34, 81, 'SISLI'),
(438, 34, 82, 'TUZLA'),
(439, 34, 84, 'ÜMRANIYE'),
(440, 34, 87, 'ÜSKÜDAR'),
(441, 34, 90, 'YALOVA'),
(442, 34, 93, 'ZEYTINBURNU'),
(443, 35, 0, 'MERKEZ'),
(444, 35, 23, 'ALIAGA'),
(445, 35, 26, 'BAYINDIR'),
(446, 35, 27, 'BALÇOVA'),
(447, 35, 29, 'BERGAMA'),
(448, 35, 32, 'BEYDAG'),
(449, 35, 35, 'BORNOVA'),
(450, 35, 37, 'BUCA'),
(451, 35, 41, 'ÇESME'),
(452, 35, 42, 'ÇIGLI'),
(453, 35, 44, 'DIKILI'),
(454, 35, 47, 'FOÇA'),
(455, 35, 48, 'GAZIEMIR'),
(456, 35, 49, 'GÜZELBAHÇE'),
(457, 35, 50, 'KARABURUN'),
(458, 35, 53, 'KARSIYAKA'),
(459, 35, 56, 'KEMALPASA'),
(460, 35, 59, 'KINIK'),
(461, 35, 62, 'KIRAZ'),
(462, 35, 65, 'KONAK'),
(463, 35, 68, 'MENDERES'),
(464, 35, 71, 'MENEMEN'),
(465, 35, 72, 'NARLIDERE'),
(466, 35, 74, 'ÖDEMIS'),
(467, 35, 77, 'SEFERIHISAR'),
(468, 35, 80, 'SELÇUK'),
(469, 35, 83, 'TIRE'),
(470, 35, 86, 'TORBALI'),
(471, 35, 89, 'URLA'),
(472, 36, 0, 'MERKEZ'),
(473, 36, 24, 'AKYAKA'),
(474, 36, 36, 'ARPAÇAY'),
(475, 36, 44, 'DIGOR'),
(476, 36, 60, 'KAGIZMAN'),
(477, 36, 68, 'SARIKAMIS'),
(478, 36, 72, 'SELIM'),
(479, 36, 76, 'SUSUZ'),
(480, 37, 0, 'MERKEZ'),
(481, 37, 23, 'ABANA'),
(482, 37, 26, 'AGLI'),
(483, 37, 29, 'ARAÇ'),
(484, 37, 32, 'AZDAVAY'),
(485, 37, 35, 'BOZKURT'),
(486, 37, 38, 'CIDE'),
(487, 37, 41, 'ÇATALZEYTIN'),
(488, 37, 44, 'DADAY'),
(489, 37, 47, 'DEVREKANI'),
(490, 37, 50, 'DOGANYURT'),
(491, 37, 53, 'HANÖNÜ'),
(492, 37, 56, 'IHSANGAZI'),
(493, 37, 59, 'INEBOLU'),
(494, 37, 62, 'KÜRE'),
(495, 37, 65, 'PINARBASI'),
(496, 37, 68, 'SEYDILER'),
(497, 37, 71, 'SENPAZAR'),
(498, 37, 74, 'TASKÖPRÜ'),
(499, 37, 77, 'TOSYA'),
(500, 38, 0, 'MERKEZ'),
(501, 38, 24, 'AKKISLA'),
(502, 38, 28, 'BÜNYAN'),
(503, 38, 32, 'DEVELI'),
(504, 38, 36, 'FELAHIYE'),
(505, 38, 40, 'HACILAR'),
(506, 38, 44, 'INCESU'),
(507, 38, 48, 'KOCASINAN'),
(508, 38, 52, 'MELIKGAZI'),
(509, 38, 56, 'ÖZVATAN'),
(510, 38, 60, 'PINARBASI'),
(511, 38, 64, 'SARIOGLAN'),
(512, 38, 68, 'SARIZ'),
(513, 38, 72, 'TALAS'),
(514, 38, 76, 'TOMARZA'),
(515, 38, 80, 'YAHYALI'),
(516, 38, 84, 'YESILHISAR'),
(517, 39, 0, 'MERKEZ'),
(518, 39, 25, 'BABAESKI'),
(519, 39, 30, 'DEMIRKÖY'),
(520, 39, 35, 'KOFÇAZ'),
(521, 39, 40, 'LÜLEBURGAZ'),
(522, 39, 45, 'PEHLIVANKÖY'),
(523, 39, 50, 'PINARHISAR'),
(524, 39, 55, 'VIZE'),
(525, 40, 0, 'MERKEZ'),
(526, 40, 20, 'AKÇAKENT'),
(527, 40, 25, 'AKPINAR'),
(528, 40, 27, 'BOZTEPE'),
(529, 40, 30, 'ÇIÇEKDAGI'),
(530, 40, 35, 'KAMAN'),
(531, 40, 40, 'MUCUR'),
(532, 41, 0, 'MERKEZ'),
(533, 41, 20, 'DARICA'),
(534, 41, 25, 'GEBZE'),
(535, 41, 30, 'GÖLCÜK'),
(536, 41, 35, 'KANDIRA'),
(537, 41, 40, 'KARAMÜRSEL'),
(538, 41, 45, 'KÖRFEZ'),
(539, 42, 0, 'MERKEZ'),
(540, 42, 22, 'AHIRLI'),
(541, 42, 24, 'AKÖREN'),
(542, 42, 26, 'AKSEHIR'),
(543, 42, 28, 'ALTINEKIN'),
(544, 42, 30, 'BEYSEHIR'),
(545, 42, 32, 'BOZKIR'),
(546, 42, 34, 'DEREBUCAK'),
(547, 42, 36, 'CIHANBEYLI'),
(548, 42, 38, 'ÇUMRA'),
(549, 42, 40, 'ÇELTIK'),
(550, 42, 42, 'DERBENT'),
(551, 42, 44, 'DOGANHISAR'),
(552, 42, 46, 'EMIRGAZI'),
(553, 42, 48, 'EREGLI'),
(554, 42, 50, 'GÜNEYSINIR'),
(555, 42, 52, 'HALKAPINAR'),
(556, 42, 54, 'HADIM'),
(557, 42, 55, 'HALKAPINAR'),
(558, 42, 56, 'HÜYÜK'),
(559, 42, 58, 'ILGIN'),
(560, 42, 60, 'KADINHANI'),
(561, 42, 62, 'KARAPINAR'),
(562, 42, 64, 'KARATAY'),
(563, 42, 66, 'KULU'),
(564, 42, 68, 'MERAM'),
(565, 42, 70, 'SARAYÖNÜ'),
(566, 42, 72, 'SELÇUKLU'),
(567, 42, 74, 'SEYDISEHIR'),
(568, 42, 76, 'TASKENT'),
(569, 42, 78, 'TUZLUKÇU'),
(570, 42, 80, 'YALIHÖYÜK'),
(571, 42, 82, 'YUNAK'),
(572, 43, 0, 'MERKEZ'),
(573, 43, 25, 'ALTINTAS'),
(574, 43, 30, 'ASLANAPA'),
(575, 43, 35, 'CAVDARHISAR'),
(576, 43, 40, 'DOMANIÇ'),
(577, 43, 45, 'DUMLUPINAR'),
(578, 43, 50, 'EMET'),
(579, 43, 55, 'GEDIZ'),
(580, 43, 60, 'HISARCIK'),
(581, 43, 65, 'PAZARLAR'),
(582, 43, 70, 'SIMAV'),
(583, 43, 75, 'SAPHANE'),
(584, 43, 80, 'TAVSANLI'),
(585, 44, 0, 'MERKEZ'),
(586, 44, 25, 'AKÇADAG'),
(587, 44, 30, 'ARAPGIR'),
(588, 44, 35, 'ARGUVAN'),
(589, 44, 40, 'BATTALGAZI'),
(590, 44, 45, 'DARENDE'),
(591, 44, 50, 'DOGANSEHIR'),
(592, 44, 55, 'DOGANYOL'),
(593, 44, 60, 'HEKIMHAN'),
(594, 44, 65, 'KALE'),
(595, 44, 70, 'KULUNCAK'),
(596, 44, 75, 'PÖTÜRGE'),
(597, 44, 80, 'YAZIHAN'),
(598, 44, 85, 'YESILYURT'),
(599, 45, 0, 'MERKEZ'),
(600, 45, 25, 'AHMETLI'),
(601, 45, 30, 'AKHISAR'),
(602, 45, 35, 'ALASEHIR'),
(603, 45, 40, 'DEMIRCI'),
(604, 45, 45, 'GÖLMARMARA'),
(605, 45, 50, 'GÖRDES'),
(606, 45, 55, 'KIRKAGAÇ'),
(607, 45, 60, 'KÖPRÜBASI'),
(608, 45, 65, 'KULA'),
(609, 45, 70, 'SALIHLI'),
(610, 45, 75, 'SARIGÖL'),
(611, 45, 80, 'SARUHANLI'),
(612, 45, 85, 'SELENDI'),
(613, 45, 90, 'SOMA'),
(614, 45, 95, 'TURGUTLU'),
(615, 46, 0, 'MERKEZ'),
(616, 46, 25, 'AFSIN'),
(617, 46, 30, 'ANDIRIN'),
(618, 46, 35, 'ÇAGLAYANCER'),
(619, 46, 40, 'EKINÖZÜ'),
(620, 46, 45, 'ELBISTAN'),
(621, 46, 50, 'GÖKSUN'),
(622, 46, 55, 'NURHAK'),
(623, 46, 60, 'PAZARCIK'),
(624, 46, 65, 'TÜRKOGLU'),
(625, 47, 0, 'MERKEZ'),
(626, 47, 25, 'DARGEÇIT'),
(627, 47, 30, 'DERIK'),
(628, 47, 40, 'KIZILTEPE'),
(629, 47, 45, 'MAZIDAGI'),
(630, 47, 50, 'MIDYAT'),
(631, 47, 55, 'NUSAYBIN'),
(632, 47, 60, 'ÖMERLI'),
(633, 47, 65, 'SAVUR'),
(634, 47, 70, 'YESILLI'),
(635, 48, 0, 'MERKEZ'),
(636, 48, 25, 'BODRUM'),
(637, 48, 30, 'DALAMAN'),
(638, 48, 35, 'DATÇA'),
(639, 48, 40, 'FETHIYE'),
(640, 48, 45, 'KAVAKLIDERE'),
(641, 48, 50, 'KÖYCEGIZ'),
(642, 48, 55, 'MARMARIS'),
(643, 48, 60, 'MILAS'),
(644, 48, 65, 'ORTACA'),
(645, 48, 70, 'ULA'),
(646, 48, 75, 'YATAGAN'),
(647, 49, 0, 'MERKEZ'),
(648, 49, 25, 'BULANIK'),
(649, 49, 30, 'HASKÖY'),
(650, 49, 35, 'KORKUT'),
(651, 49, 40, 'MALAZGIRT'),
(652, 49, 45, 'VARTO'),
(653, 50, 0, 'MERKEZ'),
(654, 50, 25, 'ACIGÖL'),
(655, 50, 30, 'AVANOS'),
(656, 50, 35, 'DERINKUYU'),
(657, 50, 40, 'GÜLSEHIR'),
(658, 50, 45, 'HACIBEKTAS'),
(659, 50, 50, 'KOZAKLI'),
(660, 50, 55, 'ÜRGÜP'),
(661, 51, 0, 'MERKEZ'),
(662, 51, 25, 'ALTUNHISAR'),
(663, 51, 30, 'BOR'),
(664, 51, 35, 'ÇAMARDI'),
(665, 51, 40, 'ÇIFTLIK'),
(666, 51, 45, 'ULUKISLA'),
(667, 52, 0, 'MERKEZ'),
(668, 52, 23, 'AKKUS'),
(669, 52, 26, 'AYBASTI'),
(670, 52, 29, 'ÇAMAS'),
(671, 52, 32, 'ÇATALPINAR'),
(672, 52, 35, 'ÇAYBASI'),
(673, 52, 38, 'FATSA'),
(674, 52, 41, 'GÖLKÖY'),
(675, 52, 44, 'GÖLYALI'),
(676, 52, 47, 'GÜRGENTEPE'),
(677, 52, 50, 'IKIZCE'),
(678, 52, 53, 'KORGAN'),
(679, 52, 56, 'KABADÜZ'),
(680, 52, 59, 'KABATAS'),
(681, 52, 62, 'KUMRU'),
(682, 52, 65, 'MESUDIYE'),
(683, 52, 68, 'PERSEMBE'),
(684, 52, 71, 'ULUBEY'),
(685, 52, 74, 'ÜNYE'),
(686, 53, 0, 'MERKEZ'),
(687, 53, 25, 'ARDESEN'),
(688, 53, 30, 'ÇAMLIHEMSIN'),
(689, 53, 35, 'ÇAYELI'),
(690, 53, 40, 'DEREPAZARI'),
(691, 53, 45, 'FINDIKLI'),
(692, 53, 50, 'GÜNEYSU'),
(693, 53, 55, 'HEMSIN'),
(694, 53, 60, 'IKIZDERE'),
(695, 53, 65, 'IYIDERE'),
(696, 53, 70, 'KALKANDERE'),
(697, 53, 75, 'PAZAR'),
(698, 54, 0, 'MERKEZ'),
(699, 54, 25, 'AKYAZI'),
(700, 54, 30, 'FERIZLI'),
(701, 54, 35, 'GEYVE'),
(702, 54, 40, 'HENDEK'),
(703, 54, 45, 'KARAPÜRÇEK'),
(704, 54, 50, 'KARASU'),
(705, 54, 55, 'KAYNARCA'),
(706, 54, 60, 'KOCAALI'),
(707, 54, 65, 'PAMUKOVA'),
(708, 54, 70, 'SAPANCA'),
(709, 54, 75, 'SÖGÜTLÜ'),
(710, 54, 80, 'TARAKLI'),
(711, 55, 0, 'MERKEZ'),
(712, 55, 25, 'ALAÇAM'),
(713, 55, 30, 'ASARCIK'),
(714, 55, 35, 'AYVACIK'),
(715, 55, 40, 'BAFRA'),
(716, 55, 45, 'ÇARSAMBA'),
(717, 55, 50, 'HAVZA'),
(718, 55, 55, 'KAVAK'),
(719, 55, 60, 'LADIK'),
(720, 55, 65, '19MAYIS'),
(721, 55, 70, 'SALIPAZARI'),
(722, 55, 75, 'TEKKEKÖY'),
(723, 55, 80, 'TERME'),
(724, 55, 85, 'VEZIRKÖPRÜ'),
(725, 55, 90, 'YAKAKENT'),
(726, 56, 0, 'MERKEZ'),
(727, 56, 25, 'AYDINLAR'),
(728, 56, 30, 'BAYKAN'),
(729, 56, 35, 'ERUH'),
(730, 56, 42, 'KOZLUK'),
(731, 56, 45, 'KURTALAN'),
(732, 56, 50, 'PERVARI'),
(733, 56, 55, 'SIRVAN'),
(734, 57, 0, 'MERKEZ'),
(735, 57, 25, 'AYANCIK'),
(736, 57, 30, 'BOYABAT'),
(737, 57, 35, 'DIKMEN'),
(738, 57, 40, 'DURAGAN'),
(739, 57, 45, 'ERFELEK'),
(740, 57, 50, 'GERZE'),
(741, 57, 55, 'SARAYDÜZÜ'),
(742, 57, 60, 'TÜRKELI'),
(743, 58, 0, 'MERKEZ'),
(744, 58, 24, 'AKINCILAR'),
(745, 58, 28, 'ALTINYAYLA'),
(746, 58, 32, 'DIVRIGI'),
(747, 58, 36, 'DOGANSAR'),
(748, 58, 40, 'GEMEREK'),
(749, 58, 44, 'GÖLOVA'),
(750, 58, 48, 'GÜRÜN'),
(751, 58, 52, 'HAFIK'),
(752, 58, 56, 'IMRANLI'),
(753, 58, 60, 'KANGAL'),
(754, 58, 64, 'KOYULHISAR'),
(755, 58, 68, 'SUSEHRI'),
(756, 58, 72, 'SARKISLA'),
(757, 58, 76, 'ULAS'),
(758, 58, 80, 'YILDIZELI'),
(759, 58, 84, 'ZARA'),
(760, 59, 0, 'MERKEZ'),
(761, 59, 25, 'ÇERKEZKÖY'),
(762, 59, 30, 'ÇORLU'),
(763, 59, 35, 'HAYRABOLU'),
(764, 59, 40, 'MALKARA'),
(765, 59, 45, 'MARMARAEREGLI'),
(766, 59, 50, 'MURATLI'),
(767, 59, 55, 'SARAY'),
(768, 59, 60, 'SARKÖY'),
(769, 60, 0, 'MERKEZ'),
(770, 60, 25, 'ALMUS'),
(771, 60, 30, 'ARTOVA'),
(772, 60, 35, 'BASÇIFTLIK'),
(773, 60, 40, 'ERBAA'),
(774, 60, 45, 'NIKSAR'),
(775, 60, 50, 'PAZAR'),
(776, 60, 55, 'RESADIYE'),
(777, 60, 60, 'SULUSARAY'),
(778, 60, 65, 'TURHAL'),
(779, 60, 70, 'YESILYURT'),
(780, 60, 75, 'ZILE'),
(781, 61, 0, 'MERKEZ'),
(782, 61, 24, 'AKÇAABAT'),
(783, 61, 28, 'ARAKLI'),
(784, 61, 32, 'ARSIN'),
(785, 61, 36, 'BESIKDÜZÜ'),
(786, 61, 40, 'ÇARSIBASI'),
(787, 61, 44, 'ÇAYKARA'),
(788, 61, 48, 'DERNEKPAZAR'),
(789, 61, 52, 'DÜZKÖY'),
(790, 61, 56, 'HAYRAT'),
(791, 61, 60, 'KÖPRÜBASI'),
(792, 61, 64, 'MAÇKA'),
(793, 61, 68, 'OF'),
(794, 61, 72, 'SÜRMENE'),
(795, 61, 76, 'SALPAZARI'),
(796, 61, 80, 'TONYA'),
(797, 61, 84, 'VAKFIKEBIR'),
(798, 61, 88, 'YOMRA'),
(799, 62, 0, 'MERKEZ'),
(800, 62, 25, 'ÇEMISGEZEK'),
(801, 62, 30, 'HOZAT'),
(802, 62, 35, 'MAZGIRT'),
(803, 62, 40, 'NAZIMIYE'),
(804, 62, 45, 'OVACIK'),
(805, 62, 50, 'PERTEK'),
(806, 62, 55, 'PÜLÜMÜR'),
(807, 63, 0, 'MERKEZ'),
(808, 63, 25, 'AKÇAKALE'),
(809, 63, 30, 'BIRECIK'),
(810, 63, 35, 'BOZOVA'),
(811, 63, 40, 'CEYLANPINAR'),
(812, 63, 45, 'HALFETI'),
(813, 63, 50, 'HARRAN'),
(814, 63, 55, 'HILVAN'),
(815, 63, 60, 'SIVEREK'),
(816, 63, 65, 'SURUÇ'),
(817, 63, 70, 'VIRANSEHIR'),
(818, 64, 0, 'MERKEZ'),
(819, 64, 25, 'BANAZ'),
(820, 64, 30, 'ESME'),
(821, 64, 35, 'KARAHALLI'),
(822, 64, 40, 'SIVASLI'),
(823, 64, 45, 'ULUBEY'),
(824, 65, 0, 'MERKEZ'),
(825, 65, 25, 'BAHÇESARAY'),
(826, 65, 30, 'BASKALE'),
(827, 65, 35, 'ÇALDIRAN'),
(828, 65, 40, 'ÇATAK'),
(829, 65, 45, 'EDREMIT'),
(830, 65, 50, 'ERCIS'),
(831, 65, 55, 'GEVAS'),
(832, 65, 60, 'GÜRPINAR'),
(833, 65, 65, 'MURADIYE'),
(834, 65, 70, 'ÖZALP'),
(835, 65, 75, 'SARAY'),
(836, 66, 0, 'MERKEZ'),
(837, 66, 25, 'AKDAGMADENI'),
(838, 66, 30, 'AYDINCIK'),
(839, 66, 35, 'BOGAZLIYAN'),
(840, 66, 40, 'ÇANDIR'),
(841, 66, 45, 'ÇAYIRALAN'),
(842, 66, 50, 'ÇEKEREK'),
(843, 66, 55, 'KADISEHRI'),
(844, 66, 60, 'SARIKAYA'),
(845, 66, 65, 'SARAYKENT'),
(846, 66, 70, 'SORGUN'),
(847, 66, 75, 'SEFAATLI'),
(848, 66, 80, 'YENIFAKILI'),
(849, 66, 85, 'YERKÖY'),
(850, 67, 0, 'MERKEZ'),
(851, 67, 24, 'ALAPLI'),
(852, 67, 36, 'ÇAMOLUK'),
(853, 67, 38, 'ÇAYCUMA'),
(854, 67, 44, 'DEVREK'),
(855, 67, 52, 'EFLANI'),
(856, 67, 56, 'EREGLI'),
(857, 67, 60, 'GÖKÇEBEY'),
(858, 68, 0, 'MERKEZ'),
(859, 68, 25, 'AGAÇÖREN'),
(860, 68, 30, 'ESKIL'),
(861, 68, 35, 'GÜLAGAÇ'),
(862, 68, 40, 'GÜZELYURT'),
(863, 68, 45, 'ORTAKÖY'),
(864, 68, 50, 'SARIYAHSI'),
(865, 69, 0, 'MERKEZ'),
(866, 69, 25, 'AYDINTEPE'),
(867, 69, 30, 'DEMIRÖZÜ'),
(868, 70, 0, 'MERKEZ'),
(869, 70, 25, 'AYRANCI'),
(870, 70, 30, 'BASYAYLA'),
(871, 70, 35, 'ERMENEK'),
(872, 70, 40, 'KAZIMKARABEKIR'),
(873, 70, 45, 'SARIVELILER'),
(874, 71, 0, 'MERKEZ'),
(875, 71, 25, 'BAHSILI'),
(876, 71, 30, 'BAGLISEYH'),
(877, 71, 35, 'ÇELEBI'),
(878, 71, 40, 'DELICE'),
(879, 71, 45, 'KARAKEÇILI'),
(880, 71, 50, 'KESKIN'),
(881, 71, 55, 'SULAKYURT'),
(882, 71, 60, 'YAHSIHAN'),
(883, 72, 0, 'MERKEZ'),
(884, 72, 25, 'GERCÜS'),
(885, 72, 30, 'HASANKEYF'),
(886, 72, 35, 'BESIRI'),
(887, 72, 37, 'KOZLUK'),
(888, 72, 40, 'SASON'),
(889, 73, 0, 'MERKEZ'),
(890, 73, 25, 'BEYTÜSSEBA'),
(891, 73, 30, 'ULUDERE'),
(892, 73, 35, 'CIZRE'),
(893, 73, 40, 'IDIL'),
(894, 73, 45, 'SILOPI'),
(895, 73, 55, 'GÜÇLÜKONAK'),
(896, 74, 0, 'MERKEZ'),
(897, 74, 20, 'AMASRA'),
(898, 74, 30, 'KURUCASILE'),
(899, 74, 40, 'ULUS'),
(900, 75, 0, 'MERKEZ'),
(901, 75, 30, 'ÇILDIR'),
(902, 75, 35, 'DAMAL'),
(903, 75, 50, 'GÖLE'),
(904, 75, 55, 'HANAK'),
(905, 75, 75, 'POSOF'),
(906, 76, 0, 'MERKEZ'),
(907, 76, 25, 'ARALIK'),
(908, 76, 50, 'KARAKOYUNLU'),
(909, 76, 75, 'TUZLUCA'),
(910, 77, 0, 'MERKEZ'),
(911, 77, 10, 'ALTINOVA'),
(912, 77, 15, 'ARMUTLU'),
(913, 77, 20, 'CINARCIK'),
(914, 77, 22, 'CIFTLIKKOY'),
(915, 77, 80, 'TERMAL'),
(916, 78, 0, 'MERKEZ'),
(917, 78, 30, 'EFLANI'),
(918, 78, 33, 'ESKIPAZAR'),
(919, 78, 50, 'OVACIK'),
(920, 78, 70, 'SAFRANBOLU'),
(921, 78, 90, 'YENICE'),
(922, 79, 0, 'MERKEZ'),
(923, 79, 30, 'ELBEYLI'),
(924, 79, 50, 'MUSABEYLI'),
(925, 79, 60, 'POLATELI'),
(926, 80, 0, 'MERKEZ'),
(927, 80, 20, 'BAHÇE'),
(928, 80, 23, 'HASANBEYLI'),
(929, 80, 25, 'DÜZIÇI'),
(930, 80, 30, 'KADIRLI'),
(931, 80, 45, 'SUNBAS'),
(932, 80, 50, 'TOPRAKKALE'),
(933, 81, 0, 'MERKEZ'),
(934, 81, 20, 'AKÇAKOCA'),
(935, 81, 25, 'CUMAYERI'),
(936, 81, 30, 'ÇILIMLI'),
(937, 81, 35, 'GÖLYAKA'),
(938, 81, 40, 'GÜMÜSOVA'),
(939, 81, 45, 'KAYNASLI'),
(940, 81, 50, 'YIGILCA'),
(941, 3, 0, 'SINANPASA'),
(942, 9, 0, 'DIDIM'),
(943, 41, 0, 'DERINCE');

-- --------------------------------------------------------

--
-- Tablo için tablo yapısı `stok`
--

CREATE TABLE IF NOT EXISTS `stok` (
  `stok_id` int(11) NOT NULL,
  `stok_group_id` int(11) NOT NULL,
  `stok_color_id` int(11) NOT NULL,
  `stok_name` varchar(255) NOT NULL,
  `stok_urun_alis_fiyati` double NOT NULL,
  `stok_urun_satis_fiyati` double NOT NULL,
  `stok_urun_durum` int(11) NOT NULL DEFAULT '0'
) ENGINE=InnoDB AUTO_INCREMENT=11 DEFAULT CHARSET=utf8;

--
-- Tablo döküm verisi `stok`
--

INSERT INTO `stok` (`stok_id`, `stok_group_id`, `stok_color_id`, `stok_name`, `stok_urun_alis_fiyati`, `stok_urun_satis_fiyati`, `stok_urun_durum`) VALUES
(1, 0, 0, '', 0, 0, 1),
(2, 2, 2, 'Beyaz Gömlek', 20, 23, 0),
(3, 1, 5, 'Siyah Ceket', 40, 45, 0),
(4, 3, 3, 'lewıs', 0, 0, 1),
(5, 1, 1, 'kırmızı ceket', 213, 12, 0),
(6, 2, 1, 'Kırmızı Gömlek', 12, 15, 0),
(7, 1, 2, 'Beyaz uzun gömlek', 23, 44, 0),
(8, 4, 2, 'Kısa Etek', 25, 30, 0),
(9, 4, 3, 'Uzun Mavi Etek %100 Pamuklu', 30, 32, 0),
(10, 3, 3, 'Kot Pantolon likralı', 12, 20, 0);

-- --------------------------------------------------------

--
-- Tablo için tablo yapısı `stok_colors`
--

CREATE TABLE IF NOT EXISTS `stok_colors` (
  `stok_colors_id` int(11) NOT NULL,
  `stok_color_name` varchar(255) NOT NULL
) ENGINE=InnoDB AUTO_INCREMENT=6 DEFAULT CHARSET=utf8;

--
-- Tablo döküm verisi `stok_colors`
--

INSERT INTO `stok_colors` (`stok_colors_id`, `stok_color_name`) VALUES
(1, 'Kırmızı'),
(2, 'Beyaz'),
(3, 'Mavi'),
(4, 'Sarı'),
(5, 'Siyah');

-- --------------------------------------------------------

--
-- Tablo için tablo yapısı `stok_events`
--

CREATE TABLE IF NOT EXISTS `stok_events` (
  `stok_events_id` int(11) NOT NULL,
  `stok_event_type` int(11) NOT NULL,
  `stok_event_customer` int(11) NOT NULL,
  `stok_event_price` double NOT NULL,
  `stok_event_product_id` int(11) NOT NULL,
  `stok_event_product_count` int(11) NOT NULL,
  `stok_event_date` int(11) NOT NULL
) ENGINE=InnoDB AUTO_INCREMENT=10 DEFAULT CHARSET=latin1;

--
-- Tablo döküm verisi `stok_events`
--

INSERT INTO `stok_events` (`stok_events_id`, `stok_event_type`, `stok_event_customer`, `stok_event_price`, `stok_event_product_id`, `stok_event_product_count`, `stok_event_date`) VALUES
(1, 1, 1, 63, 3, 3, 1466016350),
(2, 1, 1, 84, 3, 4, 1466016359),
(3, 1, 1, 426, 5, 2, 1466016432),
(4, -1, 1, 12, 3, 4, 1466326491),
(5, 1, 1, 750, 9, 25, 1466337512),
(6, 1, 22, 23000, 7, 1000, 1466337526),
(7, -1, 22, 3000, 8, 100, 1466337549),
(8, 1, 1, 36000, 6, 3000, 1466337586),
(9, 1, 1, 1035, 7, 45, 1466428313);

-- --------------------------------------------------------

--
-- Tablo için tablo yapısı `stok_groups`
--

CREATE TABLE IF NOT EXISTS `stok_groups` (
  `stok_groups_id` int(11) NOT NULL,
  `stok_group_name` varchar(255) NOT NULL
) ENGINE=InnoDB AUTO_INCREMENT=5 DEFAULT CHARSET=utf8;

--
-- Tablo döküm verisi `stok_groups`
--

INSERT INTO `stok_groups` (`stok_groups_id`, `stok_group_name`) VALUES
(1, 'CEKET'),
(2, 'GÖMLEK'),
(3, 'PANTOLON'),
(4, 'ETEK');

--
-- Dökümü yapılmış tablolar için indeksler
--

--
-- Tablo için indeksler `customers`
--
ALTER TABLE `customers`
  ADD PRIMARY KEY (`musteri_id`);

--
-- Tablo için indeksler `il`
--
ALTER TABLE `il`
  ADD PRIMARY KEY (`il_id`);

--
-- Tablo için indeksler `ilce`
--
ALTER TABLE `ilce`
  ADD PRIMARY KEY (`ilce_id`);

--
-- Tablo için indeksler `stok`
--
ALTER TABLE `stok`
  ADD PRIMARY KEY (`stok_id`);

--
-- Tablo için indeksler `stok_colors`
--
ALTER TABLE `stok_colors`
  ADD PRIMARY KEY (`stok_colors_id`);

--
-- Tablo için indeksler `stok_events`
--
ALTER TABLE `stok_events`
  ADD PRIMARY KEY (`stok_events_id`);

--
-- Tablo için indeksler `stok_groups`
--
ALTER TABLE `stok_groups`
  ADD PRIMARY KEY (`stok_groups_id`);

--
-- Dökümü yapılmış tablolar için AUTO_INCREMENT değeri
--

--
-- Tablo için AUTO_INCREMENT değeri `customers`
--
ALTER TABLE `customers`
  MODIFY `musteri_id` int(11) NOT NULL AUTO_INCREMENT,AUTO_INCREMENT=25;
--
-- Tablo için AUTO_INCREMENT değeri `il`
--
ALTER TABLE `il`
  MODIFY `il_id` int(11) NOT NULL AUTO_INCREMENT,AUTO_INCREMENT=82;
--
-- Tablo için AUTO_INCREMENT değeri `ilce`
--
ALTER TABLE `ilce`
  MODIFY `ilce_id` int(11) NOT NULL AUTO_INCREMENT,AUTO_INCREMENT=944;
--
-- Tablo için AUTO_INCREMENT değeri `stok`
--
ALTER TABLE `stok`
  MODIFY `stok_id` int(11) NOT NULL AUTO_INCREMENT,AUTO_INCREMENT=11;
--
-- Tablo için AUTO_INCREMENT değeri `stok_colors`
--
ALTER TABLE `stok_colors`
  MODIFY `stok_colors_id` int(11) NOT NULL AUTO_INCREMENT,AUTO_INCREMENT=6;
--
-- Tablo için AUTO_INCREMENT değeri `stok_events`
--
ALTER TABLE `stok_events`
  MODIFY `stok_events_id` int(11) NOT NULL AUTO_INCREMENT,AUTO_INCREMENT=10;
--
-- Tablo için AUTO_INCREMENT değeri `stok_groups`
--
ALTER TABLE `stok_groups`
  MODIFY `stok_groups_id` int(11) NOT NULL AUTO_INCREMENT,AUTO_INCREMENT=5;
/*!40101 SET CHARACTER_SET_CLIENT=@OLD_CHARACTER_SET_CLIENT */;
/*!40101 SET CHARACTER_SET_RESULTS=@OLD_CHARACTER_SET_RESULTS */;
/*!40101 SET COLLATION_CONNECTION=@OLD_COLLATION_CONNECTION */;
